Video Title,STANDARD_2025_11_06-1610_44.00023 ,STANDARD_2025_11_06-1610_44.00023 ,STANDARD_2025_11_06-1610_44.00023 ,STANDARD_2025_11_06-1610_44.00023 ,STANDARD_2025_11_06-1610_44.00023 ,STANDARD_2025_11_06-1610_44.00023 ,STANDARD_2025_11_06-1610_44.00023 ,STANDARD_2025_11_06-1610_44.00023 ,STANDARD_2025_11_06-1610_44.00023 ,STANDARD_2025_11_06-1610_44.00023 ,STANDARD_2025_11_06-1610_44.00023 ,STANDARD_2025_11_06-1610_44.00023 ,STANDARD_2025_11_06-1610_44.00023 ,STANDARD_2025_11_06-1610_44.00023 ,STANDARD_2025_11_06-1610_44.00023 ,STANDARD_2025_11_06-1610_44.00023 ,STANDARD_2025_11_06-1610_44.00023 ,STANDARD_2025_11_06-1610_44.00023 ,STANDARD_2025_11_06-1610_44.00023 ,STANDARD_2025_11_06-1610_44.00023 ,STANDARD_2025_11_06-1610_44.00023 ,STANDARD_2025_11_06-1610_44.00023 ,STANDARD_2025_11_06-1610_44.00023 ,STANDARD_2025_11_06-1610_44.00023 ,STANDARD_2025_11_06-1610_44.00023 ,STANDARD_2025_11_06-1610_44.00023 ,STANDARD_2025_11_06-1610_44.00023 ,STANDARD_2025_11_06-1610_44.00023 ,STANDARD_2025_11_06-1610_44.00023 ,STANDARD_2025_11_06-1610_44.00023 ,STANDARD_2025_11_06-1610_44.00023 ,STANDARD_2025_11_06-1610_44.00023 ,STANDARD_2025_11_06-1610_44.00023 ,STANDARD_2025_11_06-1610_44.00023 ,STANDARD_2025_11_06-1610_44.00023 ,STANDARD_2025_11_06-1610_44.00023 ,STANDARD_2025_11_06-1610_44.00023 ,STANDARD_2025_11_06-1610_44.00023 ,STANDARD_2025_11_06-1610_44.00023 ,STANDARD_2025_11_06-1610_44.00023 ,STANDARD_2025_11_06-1610_44.00023 ,STANDARD_2025_11_06-1610_44.00023 ,STANDARD_2025_11_06-1610_44.00023 ,STANDARD_2025_11_06-1610_44.00023 ,STANDARD_2025_11_06-1610_44.00023 ,STANDARD_2025_11_06-1610_44.00023 ,STANDARD_2025_11_06-1610_44.00023 ,STANDARD_2025_11_06-1610_44.00023 ,STANDARD_2025_11_06-1610_44.00023 ,STANDARD_2025_11_06-1610_44.00023 ,STANDARD_2025_11_06-1610_44.00023 ,STANDARD_2025_11_06-1610_44.00023 ,STANDARD_2025_11_06-1610_44.00023 ,STANDARD_2025_11_06-1610_44.00023 ,STANDARD_2025_11_06-1610_44.00023 ,STANDARD_2025_11_06-1610_44.00023 ,STANDARD_2025_11_06-1610_44.00023 ,STANDARD_2025_11_06-1610_44.00023 ,STANDARD_2025_11_06-1610_44.00023 ,STANDARD_2025_11_06-1610_44.00023 ,STANDARD_2025_11_06-1610_44.00023 ,STANDARD_2025_11_06-1610_44.00023 ,STANDARD_2025_11_06-1610_44.00023 ,STANDARD_2025_11_06-1610_44.00023 ,STANDARD_2025_11_06-1610_44.00023 ,STANDARD_2025_11_06-1610_44.00023 ,STANDARD_2025_11_06-1610_44.00023 ,STANDARD_2025_11_06-1610_44.00023 ,STANDARD_2025_11_06-1610_44.00023 ,STANDARD_2025_11_06-1610_44.00023 ,STANDARD_2025_11_06-1610_44.00023 ,STANDARD_2025_11_06-1610_44.00023 ,STANDARD_2025_11_06-1610_44.00023 ,STANDARD_2025_11_06-1610_44.00023 ,STANDARD_2025_11_06-1610_44.00023 ,STANDARD_2025_11_06-1610_44.00023 ,STANDARD_2025_11_06-1610_44.00023 ,STANDARD_2025_11_06-1610_44.00023 ,STANDARD_2025_11_06-1610_44.00023 ,STANDARD_2025_11_06-1610_44.00023 ,STANDARD_2025_11_06-1610_44.00023 ,STANDARD_2025_11_06-1610_44.00023 ,STANDARD_2025_11_06-1610_44.00023 ,STANDARD_2025_11_06-1610_44.00023 ,STANDARD_2025_11_06-1610_44.00023 ,STANDARD_2025_11_06-1610_44.00023 ,STANDARD_2025_11_06-1610_44.00023 ,STANDARD_2025_11_06-1610_44.00023 ,STANDARD_2025_11_06-1610_44.00023 ,STANDARD_2025_11_06-1610_44.00023 ,STANDARD_2025_11_06-1610_44.00023 ,STANDARD_2025_11_06-1610_44.00023 ,STANDARD_2025_11_06-1610_44.00023 ,STANDARD_2025_11_06-1610_44.00023 ,STANDARD_2025_11_06-1610_44.00023 ,STANDARD_2025_11_06-1610_44.00023 ,STANDARD_2025_11_06-1610_44.00023 ,STANDARD_2025_11_06-1610_44.00023 ,STANDARD_2025_11_06-1610_44.00023 ,STANDARD_2025_11_06-1610_44.00023 ,STANDARD_2025_11_06-1610_44.00023 ,STANDARD_2025_11_06-1610_44.00023 ,STANDARD_2025_11_06-1610_44.00023 ,STANDARD_2025_11_06-1610_44.00023 ,STANDARD_2025_11_06-1610_44.00023 ,STANDARD_2025_11_06-1610_44.00023 ,STANDARD_2025_11_06-1610_44.00023 ,STANDARD_2025_11_06-1610_44.00023 ,STANDARD_2025_11_06-1610_44.00023 ,STANDARD_2025_11_06-1610_44.00023 ,STANDARD_2025_11_06-1610_44.00023 ,STANDARD_2025_11_06-1610_44.00023 ,STANDARD_2025_11_06-1610_44.00023 ,STANDARD_2025_11_06-1610_44.00023 ,STANDARD_2025_11_06-1610_44.00023 ,STANDARD_2025_11_06-1610_44.00023 ,STANDARD_2025_11_06-1610_44.00023 ,STANDARD_2025_11_06-1610_44.00023 ,STANDARD_2025_11_06-1610_44.00023 ,STANDARD_2025_11_06-1610_44.00023 ,STANDARD_2025_11_06-1610_44.00023 ,STANDARD_2025_11_06-1610_44.00023 ,STANDARD_2025_11_06-1610_44.00023 ,STANDARD_2025_11_06-1610_44.00023 ,STANDARD_2025_11_06-1610_44.00023 ,STANDARD_2025_11_06-1610_44.00023 ,STANDARD_2025_11_06-1610_44.00023 ,STANDARD_2025_11_06-1610_44.00023 ,STANDARD_2025_11_06-1610_44.00023 ,STANDARD_2025_11_06-1610_44.00023 ,STANDARD_2025_11_06-1610_44.00023 ,STANDARD_2025_11_06-1610_44.00023 ,STANDARD_2025_11_06-1610_44.00023 ,STANDARD_2025_11_06-1610_44.00023 ,STANDARD_2025_11_06-1610_44.00023 ,STANDARD_2025_11_06-1610_44.00023 ,STANDARD_2025_11_06-1610_44.00023 ,STANDARD_2025_11_06-1610_44.00023 ,STANDARD_2025_11_06-1610_44.00023 ,STANDARD_2025_11_06-1610_44.00023 ,STANDARD_2025_11_06-1610_44.00023 ,STANDARD_2025_11_06-1610_44.00023 ,STANDARD_2025_11_06-1610_44.00023 ,STANDARD_2025_11_06-1610_44.00023 ,STANDARD_2025_11_06-1610_44.00023 ,STANDARD_2025_11_06-1610_44.00023 ,STANDARD_2025_11_06-1610_44.00023 ,STANDARD_2025_11_06-1610_44.00023 ,STANDARD_2025_11_06-1610_44.00023 ,STANDARD_2025_11_06-1610_44.00023 ,STANDARD_2025_11_06-1610_44.00023 ,STANDARD_2025_11_06-1610_44.00023 ,STANDARD_2025_11_06-1610_44.00023 ,STANDARD_2025_11_06-1610_44.00023 ,STANDARD_2025_11_06-1610_44.00023 ,STANDARD_2025_11_06-1610_44.00023 ,STANDARD_2025_11_06-1610_44.00023 ,STANDARD_2025_11_06-1610_44.00023 ,STANDARD_2025_11_06-1610_44.00023 ,STANDARD_2025_11_06-1610_44.00023 ,STANDARD_2025_11_06-1610_44.00023 ,STANDARD_2025_11_06-1610_44.00023 ,STANDARD_2025_11_06-1610_44.00023 ,STANDARD_2025_11_06-1610_44.00023 ,STANDARD_2025_11_06-1610_44.00023 ,STANDARD_2025_11_06-1610_44.00023 ,STANDARD_2025_11_06-1610_44.00023 ,STANDARD_2025_11_06-1610_44.00023 ,STANDARD_2025_11_06-1610_44.00023 ,STANDARD_2025_11_06-1610_44.00023 ,STANDARD_2025_11_06-1610_44.00023 ,STANDARD_2025_11_06-1610_44.00023 ,STANDARD_2025_11_06-1610_44.00023 ,STANDARD_2025_11_06-1610_44.00023 ,STANDARD_2025_11_06-1610_44.00023 ,STANDARD_2025_11_06-1610_44.00023 ,STANDARD_2025_11_06-1610_44.00023 ,STANDARD_2025_11_06-1610_44.00023 ,STANDARD_2025_11_06-1610_44.00023 ,STANDARD_2025_11_06-1610_44.00023 ,STANDARD_2025_11_06-1610_44.00023 ,STANDARD_2025_11_06-1610_44.00023 ,STANDARD_2025_11_06-1610_44.00023 ,STANDARD_2025_11_06-1610_44.00023 ,STANDARD_2025_11_06-1610_44.00023 ,STANDARD_2025_11_06-1610_44.00023 ,STANDARD_2025_11_06-1610_44.00023 ,STANDARD_2025_11_06-1610_44.00023 ,STANDARD_2025_11_06-1610_44.00023 ,STANDARD_2025_11_06-1610_44.00023 ,STANDARD_2025_11_06-1610_44.00023 ,STANDARD_2025_11_06-1610_44.00023 ,STANDARD_2025_11_06-1610_44.00023 ,STANDARD_2025_11_06-1610_44.00023 ,STANDARD_2025_11_06-1610_44.00023 ,STANDARD_2025_11_06-1610_44.00023 ,STANDARD_2025_11_06-1610_44.00023 ,STANDARD_2025_11_06-1610_44.00023 ,STANDARD_2025_11_06-1610_44.00023 ,STANDARD_2025_11_06-1610_44.00023 ,STANDARD_2025_11_06-1610_44.00023 ,STANDARD_2025_11_06-1610_44.00023 ,STANDARD_2025_11_06-1610_44.00023 ,STANDARD_2025_11_06-1610_44.00023 ,STANDARD_2025_11_06-1610_44.00023 ,STANDARD_2025_11_06-1610_44.00023 ,STANDARD_2025_11_06-1610_44.00023 ,STANDARD_2025_11_06-1610_44.00023 ,STANDARD_2025_11_06-1610_44.00023 ,STANDARD_2025_11_06-1610_44.00023 ,STANDARD_2025_11_06-1610_44.00023 ,STANDARD_2025_11_06-1610_44.00023 ,STANDARD_2025_11_06-1610_44.00023 ,STANDARD_2025_11_06-1610_44.00023 ,STANDARD_2025_11_06-1610_44.00023 ,STANDARD_2025_11_06-1610_44.00023 ,STANDARD_2025_11_06-1610_44.00023 ,STANDARD_2025_11_06-1610_44.00023 ,STANDARD_2025_11_06-1610_44.00023 ,STANDARD_2025_11_06-1610_44.00023 ,STANDARD_2025_11_06-1610_44.00023 ,STANDARD_2025_11_06-1610_44.00023 ,STANDARD_2025_11_06-1610_44.00023 ,STANDARD_2025_11_06-1610_44.00023 ,STANDARD_2025_11_06-1610_44.00023 ,STANDARD_2025_11_06-1610_44.00023 ,STANDARD_2025_11_06-1610_44.00023 ,STANDARD_2025_11_06-1610_44.00023 ,STANDARD_2025_11_06-1610_44.00023 ,STANDARD_2025_11_06-1610_44.00023 ,STANDARD_2025_11_06-1610_44.00023 ,STANDARD_2025_11_06-1610_44.00023 ,STANDARD_2025_11_06-1610_44.00023 ,STANDARD_2025_11_06-1610_44.00023 ,STANDARD_2025_11_06-1610_44.00023 ,STANDARD_2025_11_06-1610_44.00023 ,STANDARD_2025_11_06-1610_44.00023 ,STANDARD_2025_11_06-1610_44.00023 ,STANDARD_2025_11_06-1610_44.00023 ,STANDARD_2025_11_06-1610_44.00023 ,STANDARD_2025_11_06-1610_44.00023 ,STANDARD_2025_11_06-1610_44.00023 ,STANDARD_2025_11_06-1610_44.00023 ,STANDARD_2025_11_06-1610_44.00023 ,STANDARD_2025_11_06-1610_44.00023 ,STANDARD_2025_11_06-1610_44.00023 ,STANDARD_2025_11_06-1610_44.00023 ,STANDARD_2025_11_06-1610_44.00023 ,STANDARD_2025_11_06-1610_44.00023 ,STANDARD_2025_11_06-1610_44.00023 ,STANDARD_2025_11_06-1610_44.00023 ,STANDARD_2025_11_06-1610_44.00023 ,STANDARD_2025_11_06-1610_44.00023 ,STANDARD_2025_11_06-1610_44.00023 ,STANDARD_2025_11_06-1610_44.00023 ,STANDARD_2025_11_06-1610_44.00023 ,STANDARD_2025_11_06-1610_44.00023 ,STANDARD_2025_11_06-1610_44.00023 ,,,,,,,,,,,,,,,,,,,
Initials,PK,PK,PK,PK,PK,PK,PK,PK,PK,PK,PK,PK,PK,PK,PK,PK,PK,PK,PK,PK,PK,PK,PK,PK,PK,PK,PK,PK,PK,PK,PK,PK,PK,PK,PK,PK,PK,PK,PK,PK,PK,PK,PK,PK,PK,PK,PK,PK,PK,PK,PK,PK,PK,PK,PK,PK,PK,PK,PK,PK,PK,PK,PK,PK,PK,PK,PK,PK,PK,PK,PK,PK,PK,PK,PK,PK,PK,PK,PK,PK,PK,PK,PK,PK,PK,PK,PK,PK,PK,PK,PK,PK,PK,PK,PK,PK,PK,PK,PK,PK,PK,PK,PK,PK,PK,PK,PK,PK,PK,PK,PK,PK,PK,PK,PK,PK,PK,PK,PK,PK,PK,PK,PK,PK,PK,PK,PK,PK,PK,PK,PK,PK,PK,PK,PK,PK,PK,PK,PK,PK,PK,PK,PK,PK,PK,PK,PK,PK,PK,PK,PK,PK,PK,PK,PK,PK,PK,PK,PK,PK,PK,PK,PK,PK,PK,PK,PK,PK,PK,PK,PK,PK,PK,PK,PK,PK,PK,PK,PK,PK,PK,PK,PK,PK,PK,PK,PK,PK,PK,PK,PK,PK,PK,PK,PK,PK,PK,PK,PK,PK,PK,PK,PK,PK,PK,PK,PK,PK,PK,PK,PK,PK,PK,PK,PK,PK,PK,PK,PK,PK,PK,PK,PK,PK,PK,PK,PK,PK,PK,PK,PK,PK,PK,PK,PK,PK,PK,PK,PK,PK,PK,PK,PK,PK,PK,PK,PK,PK,PK,PK,PK,PK,PK,PK,PK,PK,PK,PK,,,,,,,,,,,,,,,,,,,
Location Name,Morril-Science Center AMHERST,Morril-Science Center AMHERST,Morril-Science Center AMHERST,Morril-Science Center AMHERST,Morril-Science Center AMHERST,Morril-Science Center AMHERST,Morril-Science Center AMHERST,Morril-Science Center AMHERST,Morril-Science Center AMHERST,Morril-Science Center AMHERST,Morril-Science Center AMHERST,Morril-Science Center AMHERST,Morril-Science Center AMHERST,Morril-Science Center AMHERST,Morril-Science Center AMHERST,Morril-Science Center AMHERST,Morril-Science Center AMHERST,Morril-Science Center AMHERST,Morril-Science Center AMHERST,Morril-Science Center AMHERST,Morril-Science Center AMHERST,Morril-Science Center AMHERST,Morril-Science Center AMHERST,Morril-Science Center AMHERST,Morril-Science Center AMHERST,Morril-Science Center AMHERST,Morril-Science Center AMHERST,Morril-Science Center AMHERST,Morril-Science Center AMHERST,Morril-Science Center AMHERST,Morril-Science Center AMHERST,Morril-Science Center AMHERST,Morril-Science Center AMHERST,Morril-Science Center AMHERST,Morril-Science Center AMHERST,Morril-Science Center AMHERST,Morril-Science Center AMHERST,Morril-Science Center AMHERST,Morril-Science Center AMHERST,Morril-Science Center AMHERST,Morril-Science Center AMHERST,Morril-Science Center AMHERST,Morril-Science Center AMHERST,Morril-Science Center AMHERST,Morril-Science Center AMHERST,Morril-Science Center AMHERST,Morril-Science Center AMHERST,Morril-Science Center AMHERST,Morril-Science Center AMHERST,Morril-Science Center AMHERST,Morril-Science Center AMHERST,Morril-Science Center AMHERST,Morril-Science Center AMHERST,Morril-Science Center AMHERST,Morril-Science Center AMHERST,Morril-Science Center AMHERST,Morril-Science Center AMHERST,Morril-Science Center AMHERST,Morril-Science Center AMHERST,Morril-Science Center AMHERST,Morril-Science Center AMHERST,Morril-Science Center AMHERST,Morril-Science Center AMHERST,Morril-Science Center AMHERST,Morril-Science Center AMHERST,Morril-Science Center AMHERST,Morril-Science Center AMHERST,Morril-Science Center AMHERST,Morril-Science Center AMHERST,Morril-Science Center AMHERST,Morril-Science Center AMHERST,Morril-Science Center AMHERST,Morril-Science Center AMHERST,Morril-Science Center AMHERST,Morril-Science Center AMHERST,Morril-Science Center AMHERST,Morril-Science Center AMHERST,Morril-Science Center AMHERST,Morril-Science Center AMHERST,Morril-Science Center AMHERST,Morril-Science Center AMHERST,Morril-Science Center AMHERST,Morril-Science Center AMHERST,Morril-Science Center AMHERST,Morril-Science Center AMHERST,Morril-Science Center AMHERST,Morril-Science Center AMHERST,Morril-Science Center AMHERST,Morril-Science Center AMHERST,Morril-Science Center AMHERST,Morril-Science Center AMHERST,Morril-Science Center AMHERST,Morril-Science Center AMHERST,Morril-Science Center AMHERST,Morril-Science Center AMHERST,Morril-Science Center AMHERST,Morril-Science Center AMHERST,Morril-Science Center AMHERST,Morril-Science Center AMHERST,Morril-Science Center AMHERST,Morril-Science Center AMHERST,Morril-Science Center AMHERST,Morril-Science Center AMHERST,Morril-Science Center AMHERST,Morril-Science Center AMHERST,Morril-Science Center AMHERST,Morril-Science Center AMHERST,Morril-Science Center AMHERST,Morril-Science Center AMHERST,Morril-Science Center AMHERST,Morril-Science Center AMHERST,Morril-Science Center AMHERST,Morril-Science Center AMHERST,Morril-Science Center AMHERST,Morril-Science Center AMHERST,Morril-Science Center AMHERST,Morril-Science Center AMHERST,Morril-Science Center AMHERST,Morril-Science Center AMHERST,Morril-Science Center AMHERST,Morril-Science Center AMHERST,Morril-Science Center AMHERST,Morril-Science Center AMHERST,Morril-Science Center AMHERST,Morril-Science Center AMHERST,Morril-Science Center AMHERST,Morril-Science Center AMHERST,Morril-Science Center AMHERST,Morril-Science Center AMHERST,Morril-Science Center AMHERST,Morril-Science Center AMHERST,Morril-Science Center AMHERST,Morril-Science Center AMHERST,Morril-Science Center AMHERST,Morril-Science Center AMHERST,Morril-Science Center AMHERST,Morril-Science Center AMHERST,Morril-Science Center AMHERST,Morril-Science Center AMHERST,Morril-Science Center AMHERST,Morril-Science Center AMHERST,Morril-Science Center AMHERST,Morril-Science Center AMHERST,Morril-Science Center AMHERST,Morril-Science Center AMHERST,Morril-Science Center AMHERST,Morril-Science Center AMHERST,Morril-Science Center AMHERST,Morril-Science Center AMHERST,Morril-Science Center AMHERST,Morril-Science Center AMHERST,Morril-Science Center AMHERST,Morril-Science Center AMHERST,Morril-Science Center AMHERST,Morril-Science Center AMHERST,Morril-Science Center AMHERST,Morril-Science Center AMHERST,Morril-Science Center AMHERST,Morril-Science Center AMHERST,Morril-Science Center AMHERST,Morril-Science Center AMHERST,Morril-Science Center AMHERST,Morril-Science Center AMHERST,Morril-Science Center AMHERST,Morril-Science Center AMHERST,Morril-Science Center AMHERST,Morril-Science Center AMHERST,Morril-Science Center AMHERST,Morril-Science Center AMHERST,Morril-Science Center AMHERST,Morril-Science Center AMHERST,Morril-Science Center AMHERST,Morril-Science Center AMHERST,Morril-Science Center AMHERST,Morril-Science Center AMHERST,Morril-Science Center AMHERST,Morril-Science Center AMHERST,Morril-Science Center AMHERST,Morril-Science Center AMHERST,Morril-Science Center AMHERST,Morril-Science Center AMHERST,Morril-Science Center AMHERST,Morril-Science Center AMHERST,Morril-Science Center AMHERST,Morril-Science Center AMHERST,Morril-Science Center AMHERST,Morril-Science Center AMHERST,Morril-Science Center AMHERST,Morril-Science Center AMHERST,Morril-Science Center AMHERST,Morril-Science Center AMHERST,Morril-Science Center AMHERST,Morril-Science Center AMHERST,Morril-Science Center AMHERST,Morril-Science Center AMHERST,Morril-Science Center AMHERST,Morril-Science Center AMHERST,Morril-Science Center AMHERST,Morril-Science Center AMHERST,Morril-Science Center AMHERST,Morril-Science Center AMHERST,Morril-Science Center AMHERST,Morril-Science Center AMHERST,Morril-Science Center AMHERST,Morril-Science Center AMHERST,Morril-Science Center AMHERST,Morril-Science Center AMHERST,Morril-Science Center AMHERST,Morril-Science Center AMHERST,Morril-Science Center AMHERST,Morril-Science Center AMHERST,Morril-Science Center AMHERST,Morril-Science Center AMHERST,Morril-Science Center AMHERST,Morril-Science Center AMHERST,Morril-Science Center AMHERST,Morril-Science Center AMHERST,Morril-Science Center AMHERST,Morril-Science Center AMHERST,Morril-Science Center AMHERST,Morril-Science Center AMHERST,Morril-Science Center AMHERST,Morril-Science Center AMHERST,Morril-Science Center AMHERST,Morril-Science Center AMHERST,Morril-Science Center AMHERST,Morril-Science Center AMHERST,Morril-Science Center AMHERST,Morril-Science Center AMHERST,Morril-Science Center AMHERST,Morril-Science Center AMHERST,Morril-Science Center AMHERST,Morril-Science Center AMHERST,Morril-Science Center AMHERST,Morril-Science Center AMHERST,Morril-Science Center AMHERST,Morril-Science Center AMHERST,Morril-Science Center AMHERST,Morril-Science Center AMHERST,Morril-Science Center AMHERST,Morril-Science Center AMHERST,Morril-Science Center AMHERST,Morril-Science Center AMHERST,Morril-Science Center AMHERST,Morril-Science Center AMHERST,Morril-Science Center AMHERST,Morril-Science Center AMHERST,Morril-Science Center AMHERST,Morril-Science Center AMHERST,Morril-Science Center AMHERST,Morril-Science Center AMHERST,Morril-Science Center AMHERST,Morril-Science Center AMHERST,Morril-Science Center AMHERST,Morril-Science Center AMHERST,Morril-Science Center AMHERST,Morril-Science Center AMHERST,Morril-Science Center AMHERST,,,,,,,,,,,,,,,,,,,
Bus Stop IDs/Addresses,,,,,,,,,,,,,,,,,,,,,,,,,,,,,,,,,,,,,,,,,,,,,,,,,,,,,,,,,,,,,,,,,,,,,,,,,,,,,,,,,,,,,,,,,,,,,,,,,,,,,,,,,,,,,,,,,,,,,,,,,,,,,,,,,,,,,,,,,,,,,,,,,,,,,,,,,,,,,,,,,,,,,,,,,,,,,,,,,,,,,,,,,,,,,,,,,,,,,,,,,,,,,,,,,,,,,,,,,,,,,,,,,,,,,,,,,,,,,,,,,,,,,,,,,,,,,,,,,,,,,,,,,,,,,,,,,,,,,
Count of Bus Stop Routes,,,,,,,,,,,,,,,,,,,,,,,,,,,,,,,,,,,,,,,,,,,,,,,,,,,,,,,,,,,,,,,,,,,,,,,,,,,,,,,,,,,,,,,,,,,,,,,,,,,,,,,,,,,,,,,,,,,,,,,,,,,,,,,,,,,,,,,,,,,,,,,,,,,,,,,,,,,,,,,,,,,,,,,,,,,,,,,,,,,,,,,,,,,,,,,,,,,,,,,,,,,,,,,,,,,,,,,,,,,,,,,,,,,,,,,,,,,,,,,,,,,,,,,,,,,,,,,,,,,,,,,,,,,,,,,,,,,,,
Crosswalk Location Relative to Bus Stop,Downstream,Downstream,Downstream,Downstream,Downstream,Downstream,Downstream,Downstream,Downstream,Downstream,Downstream,Downstream,Downstream,Downstream,Downstream,Downstream,Downstream,Downstream,Downstream,Downstream,Downstream,Downstream,Downstream,Downstream,Downstream,Downstream,Downstream,Downstream,Downstream,Downstream,Downstream,Downstream,Downstream,Downstream,Downstream,Downstream,Downstream,Downstream,Downstream,Downstream,Downstream,Downstream,Downstream,Downstream,Downstream,Downstream,Downstream,Downstream,Downstream,Downstream,Downstream,Downstream,Downstream,Downstream,Downstream,Downstream,Downstream,Downstream,Downstream,Downstream,Downstream,Downstream,Downstream,Downstream,Downstream,Downstream,Downstream,Downstream,Downstream,Downstream,Downstream,Downstream,Downstream,Downstream,Downstream,Downstream,Downstream,Downstream,Downstream,Downstream,Downstream,Downstream,Downstream,Downstream,Downstream,Downstream,Downstream,Downstream,Downstream,Downstream,Downstream,Downstream,Downstream,Downstream,Downstream,Downstream,Downstream,Downstream,Downstream,Downstream,Downstream,Downstream,Downstream,Downstream,Downstream,Downstream,Downstream,Downstream,Downstream,Downstream,Downstream,Downstream,Downstream,Downstream,Downstream,Downstream,Downstream,Downstream,Downstream,Downstream,Downstream,Downstream,Downstream,Downstream,Downstream,Downstream,Downstream,Downstream,Downstream,Downstream,Downstream,Downstream,Downstream,Downstream,Downstream,Downstream,Downstream,Downstream,Downstream,Downstream,Downstream,Downstream,Downstream,Downstream,Downstream,Downstream,Downstream,Downstream,Downstream,Downstream,Downstream,Downstream,Downstream,Downstream,Downstream,Downstream,Downstream,Downstream,Downstream,Downstream,Downstream,Downstream,Downstream,Downstream,Downstream,Downstream,Downstream,Downstream,Downstream,Downstream,Downstream,Downstream,Downstream,Downstream,Downstream,Downstream,Downstream,Downstream,Downstream,Downstream,Downstream,Downstream,Downstream,Downstream,Downstream,Downstream,Downstream,Downstream,Downstream,Downstream,Downstream,Downstream,Downstream,Downstream,Downstream,Downstream,Downstream,Downstream,Downstream,Downstream,Downstream,Downstream,Downstream,Downstream,Downstream,Downstream,Downstream,Downstream,Downstream,Downstream,Downstream,Downstream,Downstream,Downstream,Downstream,Downstream,Downstream,Downstream,Downstream,Downstream,Downstream,Downstream,Downstream,Downstream,Downstream,Downstream,Downstream,Downstream,Downstream,Downstream,Downstream,Downstream,Downstream,Downstream,Downstream,Downstream,Downstream,Downstream,Downstream,Downstream,Downstream,Downstream,Downstream,Downstream,Downstream,Downstream,Downstream,Downstream,Downstream,Downstream,Downstream,Downstream,Downstream,Downstream,Downstream,Downstream,Downstream,Downstream,,,,,,,,,,,,,,,,,,,
Crossing Treatment,None,None,None,None,None,None,None,None,None,None,None,None,None,None,None,None,None,None,None,None,None,None,None,None,None,None,None,None,None,None,None,None,None,None,None,None,None,None,None,None,None,None,None,None,None,None,None,None,None,None,None,None,None,None,None,None,None,None,None,None,None,None,None,None,None,None,None,None,None,None,None,None,None,None,None,None,None,None,None,None,None,None,None,None,None,None,None,None,None,None,None,None,None,None,None,None,None,None,None,None,None,None,None,None,None,None,None,None,None,None,None,None,None,None,None,None,None,None,None,None,None,None,None,None,None,None,None,None,None,None,None,None,None,None,None,None,None,None,None,None,None,None,None,None,None,None,None,None,None,None,None,None,None,None,None,None,None,None,None,None,None,None,None,None,None,None,None,None,None,None,None,None,None,None,None,None,None,None,None,None,None,None,None,None,None,None,None,None,None,None,None,None,None,None,None,None,None,None,None,None,None,None,None,None,None,None,None,None,None,None,None,None,None,None,None,None,None,None,None,None,None,None,None,None,None,None,None,None,None,None,None,None,None,None,None,None,None,None,None,None,None,None,None,None,None,None,None,None,None,None,None,None,None,None,None,None,None,None,,,,,,,,,,,,,,,,,,,
Refuge Island,No,No,No,No,No,No,No,No,No,No,No,No,No,No,No,No,No,No,No,No,No,No,No,No,No,No,No,No,No,No,No,No,No,No,No,No,No,No,No,No,No,No,No,No,No,No,No,No,No,No,No,No,No,No,No,No,No,No,No,No,No,No,No,No,No,No,No,No,No,No,No,No,No,No,No,No,No,No,No,No,No,No,No,No,No,No,No,No,No,No,No,No,No,No,No,No,No,No,No,No,No,No,No,No,No,No,No,No,No,No,No,No,No,No,No,No,No,No,No,No,No,No,No,No,No,No,No,No,No,No,No,No,No,No,No,No,No,No,No,No,No,No,No,No,No,No,No,No,No,No,No,No,No,No,No,No,No,No,No,No,No,No,No,No,No,No,No,No,No,No,No,No,No,No,No,No,No,No,No,No,No,No,No,No,No,No,No,No,No,No,No,No,No,No,No,No,No,No,No,No,No,No,No,No,No,No,No,No,No,No,No,No,No,No,No,No,No,No,No,No,No,No,No,No,No,No,No,No,No,No,No,No,No,No,No,No,No,No,No,No,No,No,No,No,No,No,No,No,No,No,No,No,No,No,No,No,No,No,,,,,,,,,,,,,,,,,,,
User Count,,,,,,,,,,,,,,,,,,,,,,,,,,,,,,,,,,,,,,,,,,,,,,,,,,,,,,,,,,,,,,,,,,,,,,,,,,,,,,,,,,,,,,,,,,,,,,,,,,,,,,,,,,,,,,,,,,,,,,,,,,,,,,,,,,,,,,,,,,,,,,,,,,,,,,,,,,,,,,,,,,,,,,,,,,,,,,,,,,,,,,,,,,,,,,,,,,,,,,,,,,,,,,,,,,,,,,,,,,,,,,,,,,,,,,,,,,,,,,,,,,,,,,,,,,,,,,,,,,,,,,,,,,,,,,,,,,,,,
User Type,Pedestrian,Pedestrian,Pedestrian,Pedestrian,Pedestrian,Pedestrian,Pedestrian,Pedestrian,Pedestrian,Pedestrian,Pedestrian,Pedestrian,Pedestrian,Pedestrian,Pedestrian,Pedestrian,Pedestrian,Pedestrian,Pedestrian,Pedestrian,Pedestrian,Pedestrian,Pedestrian,Pedestrian,Pedestrian,Pedestrian,Pedestrian,Pedestrian,Pedestrian,Pedestrian,Pedestrian,Pedestrian,Pedestrian,Pedestrian,Pedestrian,Pedestrian,Pedestrian,Pedestrian,Pedestrian,Pedestrian,Pedestrian,Pedestrian,Pedestrian,Pedestrian,Pedestrian,Pedestrian,Pedestrian,Pedestrian,Pedestrian,Pedestrian,Pedestrian,Pedestrian,Pedestrian,Pedestrian,Pedestrian,Pedestrian,Pedestrian,Pedestrian,Pedestrian,Pedestrian,Pedestrian,Pedestrian,Pedestrian,Pedestrian,Pedestrian,Pedestrian,Pedestrian,Pedestrian,Pedestrian,Pedestrian,Pedestrian,Pedestrian,Pedestrian,Pedestrian,Pedestrian,Pedestrian,Pedestrian,Pedestrian,Pedestrian,Pedestrian,Pedestrian,Pedestrian,Pedestrian,Pedestrian,Pedestrian,Pedestrian,Pedestrian,Pedestrian,Pedestrian,Pedestrian,Pedestrian,Pedestrian,Pedestrian,Pedestrian,Pedestrian,Pedestrian,Pedestrian,Pedestrian,Pedestrian,Pedestrian,Pedestrian,Pedestrian,Pedestrian,Pedestrian,Pedestrian,Pedestrian,Pedestrian,Pedestrian,Pedestrian,Pedestrian,Pedestrian,Pedestrian,Pedestrian,Pedestrian,Pedestrian,Pedestrian,Pedestrian,Pedestrian,Pedestrian,Pedestrian,Pedestrian,Pedestrian,Pedestrian,Pedestrian,Pedestrian,Pedestrian,Pedestrian,Pedestrian,Pedestrian,Pedestrian,Pedestrian,Pedestrian,Pedestrian,Pedestrian,Pedestrian,Pedestrian,Pedestrian,Pedestrian,Pedestrian,Pedestrian,Pedestrian,Pedestrian,Pedestrian,Pedestrian,Pedestrian,Pedestrian,Pedestrian,Pedestrian,Pedestrian,Pedestrian,Pedestrian,Pedestrian,Pedestrian,Pedestrian,Pedestrian,Pedestrian,Pedestrian,Pedestrian,Pedestrian,Pedestrian,Pedestrian,Pedestrian,Pedestrian,Pedestrian,Pedestrian,Pedestrian,Pedestrian,Pedestrian,Pedestrian,Pedestrian,Pedestrian,Pedestrian,Pedestrian,Pedestrian,Pedestrian,Pedestrian,Pedestrian,Pedestrian,Pedestrian,Pedestrian,Pedestrian,Pedestrian,Pedestrian,Pedestrian,Pedestrian,Pedestrian,Pedestrian,Pedestrian,Pedestrian,Pedestrian,Pedestrian,Pedestrian,Pedestrian,Pedestrian,Pedestrian,Pedestrian,Pedestrian,Pedestrian,Pedestrian,Pedestrian,Pedestrian,Pedestrian,Pedestrian,Pedestrian,Pedestrian,Pedestrian,Pedestrian,Pedestrian,Pedestrian,Pedestrian,Pedestrian,Pedestrian,Pedestrian,Pedestrian,Pedestrian,Pedestrian,Pedestrian,Pedestrian,Pedestrian,Pedestrian,Pedestrian,Pedestrian,Pedestrian,Pedestrian,Pedestrian,Pedestrian,Pedestrian,Pedestrian,Pedestrian,Pedestrian,Pedestrian,Pedestrian,Pedestrian,Pedestrian,Pedestrian,Pedestrian,Pedestrian,Pedestrian,Pedestrian,Pedestrian,Pedestrian,Pedestrian,Pedestrian,Pedestrian,Pedestrian,Pedestrian,Pedestrian,Pedestrian,Pedestrian,Pedestrian,Pedestrian,Pedestrian,Pedestrian,Pedestrian,Pedestrian,Pedestrian,Pedestrian,Pedestrian,,,,,,,,,,,,,,,,,,,
Group Size,1,1,1,1,1,1,1,1,1,1,1,1,1,1,1,1,1,1,1,2,2,1,1,1,1,1,1,1,1,1,1,1,1,1,1,1,2,2,1,1,1,1,1,1,1,1,1,1,1,1,1,1,1,2,2,1,1,1,1,2,2,2,2,2,1,1,1,1,1,1,1,1,1,1,2,2,1,1,1,1,1,1,1,1,1,1,1,1,1,1,1,1,1,1,1,1,1,1,1,1,1,1,1,3,3,3,1,1,1,1,1,1,1,1,1,1,1,1,1,1,1,1,1,1,1,1,1,1,1,1,1,1,1,1,1,1,1,1,1,1,1,1,1,1,1,1,1,1,1,1,1,1,1,1,1,1,1,1,1,1,1,1,1,1,1,1,1,1,1,1,1,1,1,1,1,1,1,1,1,1,1,1,1,1,1,1,1,1,1,1,1,1,1,1,1,1,1,1,1,1,1,1,1,1,1,1,1,1,1,1,1,1,1,1,1,1,1,1,1,1,1,1,1,1,1,1,1,1,1,1,1,1,1,1,1,1,1,1,1,1,1,1,1,1,1,1,1,1,1,1,1,1,1,1,1,1,1,1,,,,,,,,,,,,,,,,,,,
Estimated Gender,Female,Female,Female,Female,Female,Male,Male,Male,Male,Male,Hard to Tell,Hard to Tell,Hard to Tell,Male,Male,Male,Female,Female,Female,Female,Female,Male,Hard to Tell,Hard to Tell,Hard to Tell,Hard to Tell,Hard to Tell,Hard to Tell,Hard to Tell,Hard to Tell,Hard to Tell,Hard to Tell,Hard to Tell,Hard to Tell,Female,Female,Female,Female,Male,Female,Female,Female,Male,Male,Female,Hard to Tell,Hard to Tell,Hard to Tell,Hard to Tell,Hard to Tell,Hard to Tell,Male,Male,Female,Female,Female,Female,Male,Male,Male,Female,Male,Female,Female,Hard to Tell,Hard to Tell,Hard to Tell,Hard to Tell,Hard to Tell,Hard to Tell,Hard to Tell,Male,Female,Male,Female,Female,Hard to Tell,Hard to Tell,Hard to Tell,Hard to Tell,Hard to Tell,Male,Male,Hard to Tell,Hard to Tell,Hard to Tell,Hard to Tell,Hard to Tell,Hard to Tell,Hard to Tell,Hard to Tell,Hard to Tell,Hard to Tell,Hard to Tell,Hard to Tell,Hard to Tell,Hard to Tell,Hard to Tell,Hard to Tell,Hard to Tell,Hard to Tell,Hard to Tell,Hard to Tell,Female,Female,Female,Female,Male,Hard to Tell,Hard to Tell,Hard to Tell,Hard to Tell,Hard to Tell,Hard to Tell,Hard to Tell,Hard to Tell,Hard to Tell,Hard to Tell,Hard to Tell,Hard to Tell,Hard to Tell,Hard to Tell,Hard to Tell,Hard to Tell,Hard to Tell,Hard to Tell,Hard to Tell,Hard to Tell,Hard to Tell,Hard to Tell,Hard to Tell,Hard to Tell,Hard to Tell,Hard to Tell,Hard to Tell,Hard to Tell,Hard to Tell,Hard to Tell,Hard to Tell,Hard to Tell,Hard to Tell,Hard to Tell,Hard to Tell,Hard to Tell,Hard to Tell,Hard to Tell,Hard to Tell,Hard to Tell,Hard to Tell,Hard to Tell,Hard to Tell,Hard to Tell,Hard to Tell,Hard to Tell,Hard to Tell,Hard to Tell,Hard to Tell,Hard to Tell,Hard to Tell,Hard to Tell,Hard to Tell,Hard to Tell,Hard to Tell,Hard to Tell,Hard to Tell,Hard to Tell,Hard to Tell,Hard to Tell,Hard to Tell,Hard to Tell,Hard to Tell,Hard to Tell,Hard to Tell,Hard to Tell,Hard to Tell,Hard to Tell,Hard to Tell,Hard to Tell,Hard to Tell,Hard to Tell,Hard to Tell,Hard to Tell,Hard to Tell,Hard to Tell,Hard to Tell,Hard to Tell,Hard to Tell,Hard to Tell,Hard to Tell,Hard to Tell,Hard to Tell,Hard to Tell,Hard to Tell,Hard to Tell,Hard to Tell,Hard to Tell,Hard to Tell,Hard to Tell,Hard to Tell,Hard to Tell,Hard to Tell,Hard to Tell,Hard to Tell,Hard to Tell,Hard to Tell,Hard to Tell,Hard to Tell,Hard to Tell,Hard to Tell,Hard to Tell,Hard to Tell,Hard to Tell,Hard to Tell,Hard to Tell,Hard to Tell,Hard to Tell,Hard to Tell,Hard to Tell,Hard to Tell,Hard to Tell,Hard to Tell,Hard to Tell,Hard to Tell,Hard to Tell,Hard to Tell,Hard to Tell,Hard to Tell,Hard to Tell,Hard to Tell,Hard to Tell,Hard to Tell,Hard to Tell,Hard to Tell,Hard to Tell,Hard to Tell,Hard to Tell,Hard to Tell,Hard to Tell,Hard to Tell,Hard to Tell,Hard to Tell,Hard to Tell,Hard to Tell,Hard to Tell,Hard to Tell,Hard to Tell,Hard to Tell,Hard to Tell,Hard to Tell,Hard to Tell,Hard to Tell,Hard to Tell,Hard to Tell,Hard to Tell,Hard to Tell,Hard to Tell,Hard to Tell,Hard to Tell,,,,,,,,,,,,,,,,,,,
Estimated Age Group,0-20,0-20,0-20,0-20,0-20,0-20,0-20,0-20,0-20,0-20,0-20,0-20,0-20,0-20,0-20,0-20,21-35,0-20,0-20,0-20,0-20,21-35,Hard to Tell,Hard to Tell,Hard to Tell,Hard to Tell,Hard to Tell,Hard to Tell,Hard to Tell,Hard to Tell,Hard to Tell,Hard to Tell,Hard to Tell,Hard to Tell,21-35,21-35,21-35,21-35,0-20,0-20,0-20,0-20,0-20,0-20,0-20,Hard to Tell,Hard to Tell,Hard to Tell,Hard to Tell,Hard to Tell,Hard to Tell,0-20,0-20,0-20,0-20,>50,0-20,0-20,0-20,0-20,0-20,0-20,0-20,0-20,Hard to Tell,Hard to Tell,Hard to Tell,Hard to Tell,Hard to Tell,Hard to Tell,Hard to Tell,0-20,21-35,0-20,0-20,0-20,Hard to Tell,Hard to Tell,Hard to Tell,Hard to Tell,Hard to Tell,0-20,0-20,Hard to Tell,Hard to Tell,Hard to Tell,Hard to Tell,Hard to Tell,Hard to Tell,Hard to Tell,Hard to Tell,Hard to Tell,Hard to Tell,Hard to Tell,Hard to Tell,Hard to Tell,Hard to Tell,Hard to Tell,Hard to Tell,Hard to Tell,Hard to Tell,Hard to Tell,Hard to Tell,0-20,0-20,0-20,0-20,0-20,Hard to Tell,Hard to Tell,Hard to Tell,Hard to Tell,Hard to Tell,Hard to Tell,Hard to Tell,Hard to Tell,Hard to Tell,Hard to Tell,Hard to Tell,Hard to Tell,Hard to Tell,Hard to Tell,Hard to Tell,Hard to Tell,Hard to Tell,Hard to Tell,Hard to Tell,Hard to Tell,Hard to Tell,Hard to Tell,Hard to Tell,Hard to Tell,Hard to Tell,Hard to Tell,Hard to Tell,Hard to Tell,Hard to Tell,Hard to Tell,Hard to Tell,Hard to Tell,Hard to Tell,Hard to Tell,Hard to Tell,Hard to Tell,Hard to Tell,Hard to Tell,Hard to Tell,Hard to Tell,Hard to Tell,Hard to Tell,Hard to Tell,Hard to Tell,Hard to Tell,Hard to Tell,Hard to Tell,Hard to Tell,Hard to Tell,Hard to Tell,Hard to Tell,Hard to Tell,Hard to Tell,Hard to Tell,Hard to Tell,Hard to Tell,Hard to Tell,Hard to Tell,Hard to Tell,Hard to Tell,Hard to Tell,Hard to Tell,Hard to Tell,Hard to Tell,Hard to Tell,Hard to Tell,Hard to Tell,Hard to Tell,Hard to Tell,Hard to Tell,Hard to Tell,Hard to Tell,Hard to Tell,Hard to Tell,Hard to Tell,Hard to Tell,Hard to Tell,Hard to Tell,Hard to Tell,Hard to Tell,Hard to Tell,Hard to Tell,Hard to Tell,Hard to Tell,Hard to Tell,Hard to Tell,Hard to Tell,Hard to Tell,Hard to Tell,Hard to Tell,Hard to Tell,Hard to Tell,Hard to Tell,Hard to Tell,Hard to Tell,Hard to Tell,Hard to Tell,Hard to Tell,Hard to Tell,Hard to Tell,Hard to Tell,Hard to Tell,Hard to Tell,Hard to Tell,Hard to Tell,Hard to Tell,Hard to Tell,Hard to Tell,Hard to Tell,Hard to Tell,Hard to Tell,Hard to Tell,Hard to Tell,Hard to Tell,Hard to Tell,Hard to Tell,Hard to Tell,Hard to Tell,Hard to Tell,Hard to Tell,Hard to Tell,Hard to Tell,Hard to Tell,Hard to Tell,Hard to Tell,Hard to Tell,Hard to Tell,Hard to Tell,Hard to Tell,Hard to Tell,Hard to Tell,Hard to Tell,Hard to Tell,Hard to Tell,Hard to Tell,Hard to Tell,Hard to Tell,Hard to Tell,Hard to Tell,Hard to Tell,Hard to Tell,Hard to Tell,Hard to Tell,Hard to Tell,Hard to Tell,Hard to Tell,Hard to Tell,Hard to Tell,Hard to Tell,Hard to Tell,,,,,,,,,,,,,,,,,,,
Clothing Color,pink,black,black,pink,black,black,black,blue,black,black,Hard to Tell,Hard to Tell,Hard to Tell,Hard to Tell,Hard to Tell,black,pink,black,black,pink,purple,black,Hard to Tell,Hard to Tell,Hard to Tell,Hard to Tell,Hard to Tell,Hard to Tell,Hard to Tell,Hard to Tell,Hard to Tell,Hard to Tell,Hard to Tell,Hard to Tell,white,pink,blue,blue,brown,black,black,black,blue,grey,black,Hard to Tell,Hard to Tell,Hard to Tell,Hard to Tell,Hard to Tell,Hard to Tell,grey,white,blue,pink,black,blue,blue,black,red,brown,black,blue,grey,Hard to Tell,Hard to Tell,Hard to Tell,Hard to Tell,Hard to Tell,Hard to Tell,Hard to Tell,black,black,blue,black,white,Hard to Tell,Hard to Tell,Hard to Tell,Hard to Tell,Hard to Tell,grey,yellow,Hard to Tell,Hard to Tell,Hard to Tell,Hard to Tell,Hard to Tell,Hard to Tell,Hard to Tell,Hard to Tell,Hard to Tell,Hard to Tell,Hard to Tell,Hard to Tell,Hard to Tell,Hard to Tell,Hard to Tell,Hard to Tell,Hard to Tell,Hard to Tell,Hard to Tell,Hard to Tell,white,brown,black,black,black,Hard to Tell,Hard to Tell,Hard to Tell,Hard to Tell,Hard to Tell,Hard to Tell,Hard to Tell,Hard to Tell,Hard to Tell,Hard to Tell,Hard to Tell,Hard to Tell,Hard to Tell,Hard to Tell,Hard to Tell,Hard to Tell,Hard to Tell,Hard to Tell,Hard to Tell,Hard to Tell,Hard to Tell,Hard to Tell,Hard to Tell,Hard to Tell,Hard to Tell,Hard to Tell,Hard to Tell,Hard to Tell,Hard to Tell,Hard to Tell,Hard to Tell,Hard to Tell,Hard to Tell,Hard to Tell,Hard to Tell,Hard to Tell,Can't tell,Can't tell,Can't tell,Can't tell,Can't tell,Can't tell,Can't tell,Can't tell,Can't tell,Can't tell,Can't tell,Can't tell,Can't tell,Can't tell,Can't tell,Can't tell,Can't tell,Can't tell,Can't tell,Can't tell,Can't tell,Can't tell,Can't tell,Can't tell,Can't tell,Can't tell,Can't tell,Can't tell,Can't tell,Can't tell,Can't tell,Can't tell,Can't tell,Can't tell,Can't tell,Can't tell,Can't tell,Can't tell,Can't tell,Can't tell,Can't tell,Can't tell,Can't tell,Can't tell,Can't tell,Can't tell,Can't tell,Can't tell,Can't tell,Can't tell,Can't tell,Can't tell,Can't tell,Can't tell,Can't tell,Can't tell,Can't tell,Can't tell,Can't tell,Can't tell,Can't tell,Can't tell,Can't tell,Can't tell,Can't tell,Can't tell,Can't tell,Can't tell,Can't tell,Can't tell,Can't tell,Can't tell,Can't tell,Can't tell,Can't tell,Can't tell,Can't tell,Can't tell,Can't tell,Can't tell,Can't tell,Can't tell,Can't tell,Can't tell,Can't tell,Can't tell,Can't tell,Can't tell,Can't tell,Can't tell,Can't tell,Can't tell,Can't tell,Can't tell,Can't tell,Can't tell,Can't tell,Can't tell,Can't tell,Can't tell,Can't tell,Can't tell,Can't tell,can't tell,can't tell,can't tell,can't tell,can't tell,can't tell,can't tell,can't tell,can't tell,can't tell,can't tell,,,,,,,,,,,,,,,,,,,
Visibility Scale,3,3,3,3,3,3,3,3,3,3,2,2,2,2,2,2,3,3,3,,,,2,2,2,2,2,2,2,2,2,2,2,2,3,3,3,3,3,3,3,3,3,3,3,1,1,1,1,1,1,3,3,3,3,3,3,3,3,3,3,3,3,3,1,1,1,1,1,1,1,3,3,3,3,3,1,1,1,1,1,3,3,1,1,1,1,1,1,1,1,1,1,1,1,1,1,1,1,1,1,1,1,3,3,3,3,3,1,1,1,1,1,1,1,1,1,1,1,1,1,1,1,1,1,1,1,1,1,1,1,1,1,1,1,1,1,1,1,1,1,1,1,1,1,1,1,1,1,1,1,1,1,1,1,1,1,1,1,1,1,1,1,1,1,1,1,1,1,1,1,1,1,1,1,1,1,1,1,1,1,1,1,1,1,1,1,1,1,1,1,1,1,1,1,1,1,1,1,1,1,1,1,1,1,1,1,1,1,1,1,1,1,1,1,1,1,1,1,1,1,1,1,1,1,1,1,1,1,1,1,1,1,1,1,1,1,1,1,1,1,1,1,1,1,1,1,1,1,1,1,1,1,1,1,1,1,1,,,,,,,,,,,,,,,,,,,
Estimated Visible Distrction,No,No,No,No,No,No,No,No,No,No,No,No,No,No,No,No,No,No,No,Yes,Yes,No,No,No,No,No,No,No,No,No,No,No,No,No,No,No,No,No,No,No,No,No,No,No,No,No,No,No,No,No,No,No,No,No,No,No,No,No,No,No,No,No,No,No,Hard to Tell,Hard to Tell,Hard to Tell,Hard to Tell,Hard to Tell,Hard to Tell,Hard to Tell,No,No,No,No,No,Hard to Tell,Hard to Tell,Hard to Tell,Hard to Tell,Hard to Tell,No,No,Hard to Tell,Hard to Tell,Hard to Tell,Hard to Tell,Hard to Tell,Hard to Tell,Hard to Tell,Hard to Tell,Hard to Tell,Hard to Tell,Hard to Tell,Hard to Tell,Hard to Tell,Hard to Tell,Hard to Tell,Hard to Tell,Hard to Tell,Hard to Tell,Hard to Tell,Hard to Tell,No,No,No,No,No,Hard to Tell,Hard to Tell,Hard to Tell,Hard to Tell,Hard to Tell,Hard to Tell,Hard to Tell,Hard to Tell,Hard to Tell,Hard to Tell,Hard to Tell,Hard to Tell,Hard to Tell,Hard to Tell,Hard to Tell,Hard to Tell,Hard to Tell,Hard to Tell,Hard to Tell,Hard to Tell,Hard to Tell,Hard to Tell,Hard to Tell,Hard to Tell,Hard to Tell,Hard to Tell,Hard to Tell,Hard to Tell,Hard to Tell,Hard to Tell,Hard to Tell,Hard to Tell,Hard to Tell,Hard to Tell,Hard to Tell,Hard to Tell,No,No,No,No,No,No,No,No,No,No,No,No,No,No,No,No,No,No,No,No,No,No,No,No,No,No,No,No,No,No,No,No,No,No,No,No,No,No,No,No,No,No,No,No,No,No,No,No,No,No,No,No,No,No,No,No,No,No,No,No,No,No,No,No,No,No,No,No,No,No,No,No,No,No,No,No,No,No,No,No,No,No,No,No,No,No,No,No,No,No,No,No,No,No,No,No,No,No,No,No,No,No,No,No,No,No,No,No,No,No,No,No,No,No,,,,,,,,,,,,,,,,,,,
User Notes,,,,,,,,,,,,,,,,,,,,,,,,,,,,,,,,,,,,,,,,,,,,,,,,,,,,,,,,,,,,,,,,,,,,,,,,,,,,,,,,,,,,,,,,,,,,,,,,,,,,,,,,,,,,,,,,,,,,,,,,,,,,,,,,,,,,,,,,,,,,,,,,,,,,,,,,,,,,,,,,,,,,,,,,,,,,,,,,,,,,,,,,,,,,,,,,,,,,,,,,,,,,,,,,,,,,,,,,,,,,,,,,,,,,,,,,,,,,,,,,,,,,,,,,,,,,,,,,,,,,,,,,,,,,,,,,,,,,,
Bus Interaction,No,No,No,No,No,No,No,No,No,No,Yes,Yes,Yes,No,No,No,No,No,No,No,No,No,Yes,Yes,Yes,Yes,Yes,Yes,Yes,Yes,Yes,Yes,Yes,Yes,No,No,No,No,No,No,No,No,No,No,No,Yes,Yes,Yes,Yes,Yes,Yes,No,No,No,No,No,No,No,No,No,No,No,No,No,Yes,Yes,Yes,Yes,Yes,Yes,Yes,No,No,No,No,No,Yes,Yes,Yes,Yes,Yes,No,No,Yes,Yes,Yes,Yes,Yes,Yes,Yes,Yes,Yes,Yes,Yes,Yes,Yes,Yes,Yes,Yes,Yes,Yes,Yes,Yes,No,No,No,No,No,Yes,Yes,Yes,Yes,Yes,Yes,Yes,Yes,Yes,Yes,Yes,Yes,Yes,Yes,Yes,Yes,Yes,Yes,Yes,Yes,Yes,Yes,Yes,Yes,Yes,Yes,Yes,Yes,Yes,Yes,Yes,Yes,Yes,Yes,Yes,Yes,Yes,Yes,Yes,Yes,Yes,Yes,Yes,Yes,Yes,Yes,Yes,Yes,Yes,Yes,Yes,Yes,Yes,Yes,Yes,Yes,Yes,Yes,Yes,Yes,Yes,Yes,Yes,Yes,Yes,Yes,Yes,Yes,Yes,Yes,Yes,Yes,Yes,Yes,Yes,Yes,Yes,Yes,Yes,Yes,Yes,Yes,Yes,Yes,Yes,Yes,Yes,Yes,Yes,Yes,Yes,Yes,Yes,Yes,Yes,Yes,Yes,Yes,Yes,Yes,Yes,Yes,Yes,Yes,Yes,Yes,Yes,Yes,Yes,Yes,Yes,Yes,Yes,Yes,Yes,Yes,Yes,Yes,Yes,Yes,Yes,Yes,Yes,Yes,Yes,Yes,Yes,Yes,Yes,Yes,Yes,Yes,Yes,Yes,Yes,Yes,Yes,Yes,Yes,Yes,Yes,Yes,Yes,Yes,Yes,Yes,Yes,Yes,Yes,Yes,,,,,,,,,,,,,,,,,,,
Roadway Crossing,Yes,Yes,Yes,Yes,Yes,Yes,Yes,Yes,Yes,Yes,No,No,No,Yes,Yes,Yes,Yes,Yes,Yes,Yes,Yes,Yes,No,No,No,No,No,No,No,Yes,Yes,No,No,No,Yes,Yes,Yes,Yes,Yes,Yes,Yes,Yes,Yes,Yes,Yes,No,No,No,No,No,No,Yes,Yes,Yes,Yes,Yes,Yes,Yes,Yes,Yes,Yes,Yes,Yes,Yes,No,No,No,No,No,No,No,Yes,Yes,Yes,Yes,Yes,No,No,No,No,No,Yes,Yes,No,No,No,No,No,No,No,No,No,No,No,No,No,No,No,No,No,No,No,No,Yes,Yes,Yes,Yes,Yes,No,No,No,No,No,No,No,No,No,No,No,No,No,No,No,No,No,No,No,No,No,No,No,No,No,No,No,No,No,No,No,No,No,No,No,No,No,No,No,No,No,No,No,No,No,No,No,No,No,No,No,No,No,No,No,No,No,No,No,No,No,No,No,No,No,No,No,No,No,No,No,No,No,No,No,No,No,No,No,No,No,No,No,No,No,No,No,No,No,No,No,No,No,No,No,No,No,No,No,No,No,No,No,No,No,No,No,No,No,No,No,No,No,No,No,No,No,No,No,No,No,No,No,No,No,No,No,No,No,No,No,No,No,No,No,No,No,No,No,No,No,No,No,No,No,No,No,No,No,No,,,,,,,,,,,,,,,,,,,
Type of Bus Interaction,,,,,,,,,,,Boarded,Boarded,Alighted,,,,,,,,,,Boarded,Boarded,Boarded,Boarded,Alighted,Alighted,Alighted,Alighted,Alighted,Boarded,Boarded,Boarded,,,,,,,,,,,,Boarded,Boarded,Boarded,Boarded,Alighted,Alighted,,,,,,,,,,,,,,Alighted,Alighted,Alighted,Alighted,Boarded,Boarded,Boarded,,,,,,Boarded,Boarded,Boarded,Boarded,Boarded,,,Alighted,Alighted,Alighted,Alighted,Alighted,Alighted,Alighted,Boarded,Boarded,Boarded,Boarded,Boarded,Boarded,Boarded,Boarded,Boarded,Boarded,Boarded,Alighted,Alighted,,,,,,Boarded,Boarded,Boarded,Boarded,Boarded,Alighted,Alighted,Alighted,Alighted,Boarded,Boarded,Boarded,Boarded,Boarded,Alighted,Alighted,Alighted,Boarded,Boarded,Boarded,Boarded,Boarded,Boarded,Boarded,Boarded,Boarded,Boarded,Alighted,Alighted,Alighted,Boarded,Boarded,Boarded,Boarded,Alighted,Alighted,Boarded,Boarded,Boarded,Boarded,Boarded,Boarded,Boarded,Alighted,Alighted,Alighted,Alighted,Alighted,Alighted,Alighted,Boarded,Boarded,Boarded,Boarded,Boarded,Boarded,Alighted,Alighted,Alighted,Alighted,Alighted,Boarded,Boarded,Boarded,Boarded,Boarded,Boarded,Alighted,Alighted,Boarded,Boarded,Boarded,Boarded,Boarded,Boarded,Boarded,Alighted,Alighted,Boarded,Boarded,Alighted,Alighted,Alighted,Alighted,Boarded,Alighted,Boarded,Boarded,Boarded,Boarded,Boarded,Boarded,Boarded,Boarded,Boarded,Alighted,Alighted,Alighted,Alighted,Boarded,Boarded,Boarded,Alighted,Boarded,Boarded,Boarded,Boarded,Boarded,Alighted,Alighted,Alighted,Boarded,Boarded,Boarded,Boarded,Boarded,Boarded,Boarded,Boarded,Boarded,Boarded,Boarded,Boarded,Boarded,Boarded,Alighted,Boarded,Alighted,Alighted,Boarded,Boarded,Boarded,Boarded,Boarded,Alighted,Alighted,Alighted,Alighted,Alighted,Boarded,Boarded,Boarded,Boarded,Boarded,Boarded,Boarded,Boarded,Boarded,Boarded,Alighted,,,,,,,,,,,,,,,,,,,
Bus Stop Arrival Time,,,,,,,,,,,3:04:12 PM,3:04:12 PM,3:04:12 PM,,,,,,,,,,3:08:19 PM,3:08:19 PM,3:08:19 PM,3:08:19 PM,3:08:19 PM,3:08:19 PM,3:08:19 PM,3:08:43 PM,3:08:43 PM,3:08:43 PM,3:08:43 PM,3:08:43 PM,,,,,,,,,,,,3:12:39 PM,3:12:39 PM,3:12:39 PM,3:12:39 PM,3:12:39 PM,3:12:39 PM,,,,,,,,,,,,,,3:16:23 PM,3:16:23 PM,3:16:23 PM,3:16:23 PM,3:16:23 PM,3:16:23 PM,3:16:23 PM,,,,,,3:19:49 PM,3:19:49 PM,3:19:49 PM,3:19:49 PM,3:19:49 PM,,,3:20:34 PM,3:20:34 PM,3:20:34 PM,3:20:34 PM,3:20:34 PM,3:20:34 PM,3:20:34 PM,3:20:34 PM,3:20:34 PM,3:20:34 PM,3:20:34 PM,3:20:34 PM,3:20:34 PM,3:20:34 PM,3:20:48 PM,3:20:48 PM,3:20:48 PM,3:20:48 PM,3:20:48 PM,3:20:48 PM,,,,,,3:21:30 PM,3:21:30 PM,3:21:30 PM,3:21:30 PM,3:21:30 PM,3:21:30 PM,3:21:30 PM,3:21:30 PM,3:21:30 PM,3:25:11 PM,3:25:11 PM,3:25:11 PM,3:25:11 PM,3:25:11 PM,3:25:11 PM,3:25:11 PM,3:25:11 PM,3:26:01 PM,3:26:01 PM,3:26:01 PM,3:26:01 PM,3:26:01 PM,3:26:01 PM,3:26:01 PM,3:26:01 PM,3:26:01 PM,3:26:01 PM,3:26:01 PM,3:26:01 PM,3:26:01 PM,3:27:52 PM,3:29:21 PM,3:29:21 PM,3:29:21 PM,3:29:21 PM,3:29:21 PM,3:30:55 PM,3:31:51 PM,3:31:51 PM,3:31:51 PM,3:31:51 PM,3:31:51 PM,3:31:51 PM,3:31:51 PM,3:31:51 PM,3:31:51 PM,3:31:51 PM,3:31:51 PM,3:31:51 PM,3:31:51 PM,3:34:24 PM,3:34:24 PM,3:34:24 PM,3:34:24 PM,3:34:24 PM,3:34:24 PM,3:34:24 PM,3:34:24 PM,3:34:24 PM,3:34:24 PM,3:34:24 PM,3:36:00 PM,3:36:00 PM,3:36:00 PM,3:36:00 PM,3:36:00 PM,3:36:00 PM,3:36:00 PM,3:36:00 PM,3:36:42 PM,3:36:42 PM,3:36:42 PM,3:36:42 PM,3:36:42 PM,3:36:42 PM,3:36:42 PM,3:36:42 PM,3:36:42 PM,3:40:10 PM,3:40:10 PM,3:40:10 PM,3:40:10 PM,3:40:10 PM,3:40:10 PM,3:41:26 PM,3:41:26 PM,3:41:38 PM,3:41:38 PM,3:41:38 PM,3:41:38 PM,3:48:02 PM,3:48:02 PM,3:48:02 PM,3:48:02 PM,3:48:02 PM,3:48:02 PM,3:48:02 PM,3:48:02 PM,3:48:02 PM,3:48:46 PM,3:48:46 PM,3:48:46 PM,3:51:57 PM,3:52:01 PM,3:52:01 PM,3:52:01 PM,3:52:01 PM,3:52:01 PM,3:52:01 PM,3:52:01 PM,3:52:01 PM,3:52:38 PM,3:52:38 PM,3:52:38 PM,3:52:38 PM,3:54:16 PM,3:54:16 PM,3:54:16 PM,3:54:16 PM,3:54:16 PM,3:54:16 PM,3:54:16 PM,3:54:16 PM,3:54:16 PM,3:54:16 PM,3:54:16 PM,3:56:17 PM,3:56:17 PM,3:56:17 PM,3:56:26 PM,3:56:26 PM,3:56:26 PM,3:56:26 PM,3:56:26 PM,3:56:26 PM,3:56:26 PM,3:56:26 PM,3:56:26 PM,3:56:26 PM,3:59:24 PM,3:59:24 PM,3:59:24 PM,3:59:24 PM,3:59:24 PM,3:59:24 PM,3:59:24 PM,3:59:24 PM,3:59:24 PM,3:59:24 PM,3:59:24 PM,,,,,,,,,,,,,,,,,,,
Bus Stop Departure Time,,,,,,,,,,,3:04:28 PM,3:04:28 PM,3:04:28 PM,,,,,,,,,,3:08:40 PM,3:08:40 PM,3:08:40 PM,3:08:40 PM,3:08:40 PM,3:08:40 PM,3:08:40 PM,3:09:02 PM,3:09:02 PM,3:09:02 PM,3:09:02 PM,3:09:02 PM,,,,,,,,,,,,3:13:05 PM,3:13:05 PM,3:13:05 PM,3:13:05 PM,3:13:05 PM,3:13:05 PM,,,,,,,,,,,,,,3:16:44 PM,3:16:44 PM,3:16:44 PM,3:16:44 PM,3:16:44 PM,3:16:44 PM,3:16:44 PM,,,,,,3:20:11 PM,3:20:11 PM,3:20:11 PM,3:20:11 PM,3:20:11 PM,,,3:21:03 PM,3:21:03 PM,3:21:03 PM,3:21:03 PM,3:21:03 PM,3:21:03 PM,3:21:03 PM,3:21:03 PM,3:21:03 PM,3:21:03 PM,3:21:03 PM,3:21:03 PM,3:21:03 PM,3:21:03 PM,3:21:10 PM,3:21:10 PM,3:21:10 PM,3:21:10 PM,3:21:10 PM,3:21:10 PM,,,,,,3:22:04 PM,3:22:04 PM,3:22:04 PM,3:22:04 PM,3:22:04 PM,3:22:04 PM,3:22:04 PM,3:22:04 PM,3:22:04 PM,3:25:52 PM,3:25:52 PM,3:25:52 PM,3:25:52 PM,3:25:52 PM,3:25:52 PM,3:25:52 PM,3:25:52 PM,3:26:29 PM,3:26:29 PM,3:26:29 PM,3:26:29 PM,3:26:29 PM,3:26:29 PM,3:26:29 PM,3:26:29 PM,3:26:29 PM,3:26:29 PM,3:26:29 PM,3:26:29 PM,3:26:29 PM,3:28:07 PM,3:29:43 PM,3:29:43 PM,3:29:43 PM,3:29:43 PM,3:29:43 PM,3:32:22 PM,3:32:21 PM,3:32:21 PM,3:32:21 PM,3:32:21 PM,3:32:21 PM,3:32:21 PM,3:32:21 PM,3:32:21 PM,3:32:21 PM,3:32:21 PM,3:32:21 PM,3:32:21 PM,3:32:21 PM,3:34:49 PM,3:34:49 PM,3:34:49 PM,3:34:49 PM,3:34:49 PM,3:34:49 PM,3:34:49 PM,3:34:49 PM,3:34:49 PM,3:34:49 PM,3:34:49 PM,3:36:25 PM,3:36:25 PM,3:36:25 PM,3:36:25 PM,3:36:25 PM,3:36:25 PM,3:36:25 PM,3:36:25 PM,3:37:08 PM,3:37:08 PM,3:37:08 PM,3:37:08 PM,3:37:08 PM,3:37:08 PM,3:37:08 PM,3:37:08 PM,3:37:08 PM,3:40:27 PM,3:40:27 PM,3:40:27 PM,3:40:27 PM,3:40:27 PM,3:40:27 PM,3:41:41 PM,3:41:41 PM,3:41:59 PM,3:41:59 PM,3:41:59 PM,3:41:59 PM,3:48:35 PM,3:48:35 PM,3:48:35 PM,3:48:35 PM,3:48:35 PM,3:48:35 PM,3:48:35 PM,3:48:35 PM,3:48:35 PM,3:49:01 PM,3:49:01 PM,3:49:01 PM,3:52:06 PM,3:52:31 PM,3:52:31 PM,3:52:31 PM,3:52:31 PM,3:52:31 PM,3:52:31 PM,3:52:31 PM,3:52:31 PM,3:53:04 PM,3:53:04 PM,3:53:04 PM,3:53:04 PM,3:54:43 PM,3:54:43 PM,3:54:43 PM,3:54:43 PM,3:54:43 PM,3:54:43 PM,3:54:43 PM,3:54:43 PM,3:54:43 PM,3:54:43 PM,3:54:43 PM,3:56:39 PM,3:56:39 PM,3:56:39 PM,3:56:53 PM,3:56:53 PM,3:56:53 PM,3:56:53 PM,3:56:53 PM,3:56:53 PM,3:56:53 PM,3:56:53 PM,3:56:53 PM,3:56:53 PM,3:59:50 PM,3:59:50 PM,3:59:50 PM,3:59:50 PM,3:59:50 PM,3:59:50 PM,3:59:50 PM,3:59:50 PM,3:59:50 PM,3:59:50 PM,3:59:50 PM,,,,,,,,,,,,,,,,,,,
Noteworthy Events,,,,,,,,,,,,,,,,,,,,,,,,,,,,,,,,,,,,,,,,,,,,,,,,,,,,,,,,,,,,,,,,,,,,,,,,,,,,,,,,,,,,,,,,,,,,,,,,,,,,,,,,,,,,,,,,,,,,,,,,,,,,,,,,,,,,,,,,,,,,,,,,,,,,,,,,,,,,,,,,,,,,,,,,,,,,,,,,,,,,,,,,,,,,,,,,,,,,,,,,,,,,,,,,,,,,,,,,,,,,,,,,,,,,,,,,,,,,,,,,,,,,,,,,,,,,,,,,,,,,,,,,,,,,,,,,,,,,,
Crosswalk Crossing,Yes,Yes,Yes,Yes,Yes,Yes,Yes,Yes,No,No,No,No,No,Yes,Yes,Yes,Yes,Yes,Yes,Yes,Yes,Yes,No,No,No,No,No,No,No,No,No,No,No,No,Yes,Yes,Yes,Yes,Yes,Yes,Yes,Yes,Yes,No,Yes,No,No,No,No,No,No,Yes,No,Yes,Yes,Yes,Yes,Yes,Yes,Yes,Yes,Yes,Yes,Yes,No,No,No,No,No,No,No,Yes,Yes,Yes,Yes,Yes,No,No,No,No,No,Yes,Yes,No,No,No,No,No,No,No,No,No,No,No,No,No,No,No,No,No,No,No,No,No,No,No,Yes,Yes,No,No,No,No,No,No,No,No,No,No,No,No,No,No,No,No,No,No,No,No,No,No,No,No,No,No,No,No,No,No,No,No,No,No,No,No,No,No,No,No,No,No,No,No,No,No,No,No,No,No,No,No,No,No,No,No,No,No,No,No,No,No,No,No,No,No,No,No,No,No,No,No,No,No,No,No,No,No,No,No,No,No,No,No,No,No,No,No,No,No,No,No,No,No,No,No,No,No,No,No,No,No,No,No,No,No,No,No,No,No,No,No,No,No,No,No,No,No,No,No,No,No,No,No,No,No,No,No,No,No,No,No,No,No,No,No,No,No,No,No,No,No,No,No,No,No,No,No,No,No,,,,,,,,,,,,,,,,,,,
Pedestrian Phase Crossing,N/A,N/A,N/A,N/A,N/A,N/A,N/A,N/A,N/A,N/A,N/A,N/A,N/A,N/A,N/A,N/A,N/A,N/A,N/A,N/A,N/A,N/A,N/A,N/A,N/A,N/A,N/A,N/A,N/A,N/A,N/A,N/A,N/A,N/A,N/A,N/A,N/A,N/A,N/A,N/A,N/A,N/A,N/A,N/A,N/A,N/A,N/A,N/A,N/A,N/A,N/A,N/A,N/A,N/A,N/A,N/A,N/A,N/A,N/A,N/A,N/A,N/A,N/A,N/A,N/A,N/A,N/A,N/A,N/A,N/A,N/A,N/A,N/A,N/A,N/A,N/A,N/A,N/A,N/A,N/A,N/A,N/A,N/A,N/A,N/A,N/A,N/A,N/A,N/A,N/A,N/A,N/A,N/A,N/A,N/A,N/A,N/A,N/A,N/A,N/A,N/A,N/A,N/A,N/A,N/A,N/A,N/A,N/A,N/A,N/A,N/A,N/A,N/A,N/A,N/A,N/A,N/A,N/A,N/A,N/A,N/A,N/A,N/A,N/A,N/A,N/A,N/A,N/A,N/A,N/A,N/A,N/A,N/A,N/A,N/A,N/A,N/A,N/A,N/A,N/A,N/A,N/A,N/A,N/A,N/A,N/A,N/A,N/A,N/A,N/A,N/A,N/A,N/A,N/A,N/A,N/A,N/A,N/A,N/A,N/A,N/A,N/A,N/A,N/A,N/A,N/A,N/A,N/A,N/A,N/A,N/A,N/A,N/A,N/A,N/A,N/A,N/A,N/A,N/A,N/A,N/A,N/A,N/A,N/A,N/A,N/A,N/A,N/A,N/A,N/A,N/A,N/A,N/A,N/A,N/A,N/A,N/A,N/A,N/A,N/A,N/A,N/A,N/A,N/A,N/A,N/A,N/A,N/A,N/A,N/A,N/A,N/A,N/A,N/A,N/A,N/A,N/A,N/A,N/A,N/A,N/A,N/A,N/A,N/A,N/A,N/A,N/A,N/A,N/A,N/A,N/A,N/A,N/A,N/A,N/A,N/A,N/A,N/A,N/A,N/A,N/A,N/A,N/A,N/A,N/A,N/A,N/A,N/A,N/A,N/A,N/A,N/A,N/A,N/A,N/A,N/A,N/A,N/A,,,,,,,,,,,,,,,,,,,
Intention to Cross Time Stamp,2:59:55 PM,3:00:15 PM,3:01:14 PM,3:01:26 PM,3:01:54 PM,3:02:25 PM,3:02:39 PM,3:03:49 PM,3:03:54 PM,3:04:07 PM,,,,3:05:11 PM,3:05:20 PM,3:05:30 PM,3:05:47 PM,3:07:00 PM,3:08:01 PM,3:08:13 PM,3:08:13 PM,3:08:23 PM,,,,,,,,3:09:08 PM,3:09:08 PM,,,,3:08:49 PM,3:09:19 PM,3:09:23 PM,3:09:23 PM,3:09:30 PM,3:09:30 PM,3:11:04 PM,3:11:07 PM,3:11:26 PM,3:11:48 PM,3:11:57 PM,,,,,,,3:13:15 PM,3:13:30 PM,3:14:35 PM,3:14:35 PM,3:14:47 PM,3:15:21 PM,3:15:35 PM,3:15:35 PM,3:15:35 PM,3:15:35 PM,3:15:43 PM,3:15:43 PM,3:16:05 PM,,,,,,,,3:16:51 PM,3:18:00 PM,3:18:18 PM,3:19:08 PM,3:19:08 PM,,,,,,3:19:54 PM,3:20:05 PM,,,,,,,,,,,,,,,,,,,,,3:20:36 PM,3:20:36 PM,3:20:36 PM,3:21:19 PM,3:21:19 PM,,,,,,,,,,,,,,,,,,,,,,,,,,,,,,,,,,,,,,,,,,,,,,,,,,,,,,,,,,,,,,,,,,,,,,,,,,,,,,,,,,,,,,,,,,,,,,,,,,,,,,,,,,,,,,,,,,,,,,,,,,,,,,,,,,,,,,,,,,,,,,,,,,,,,,,,,,,,,,,,,,,,,,,,,
Crossing Start Time,2:59:57 PM,3:00:18 PM,3:01:16 PM,3:01:29 PM,3:01:55 PM,3:02:26 PM,3:02:41 PM,3:03:50 PM,3:03:55 PM,3:04:09 PM,,,,3:05:14 PM,3:05:22 PM,3:05:33 PM,3:05:48 PM,3:07:02 PM,3:08:04 PM,3:08:15 PM,3:08:15 PM,3:08:24 PM,,,,,,,,3:09:09 PM,3:09:09 PM,,,,3:08:50 PM,3:09:21 PM,3:09:25 PM,3:09:25 PM,3:09:32 PM,3:09:32 PM,3:11:07 PM,3:11:09 PM,3:11:28 PM,3:11:50 PM,3:11:58 PM,,,,,,,3:15:17 PM,3:15:32 PM,3:14:38 PM,3:14:38 PM,3:14:49 PM,3:15:23 PM,3:15:38 PM,3:15:37 PM,3:15:36 PM,3:15:36 PM,3:15:44 PM,3:15:44 PM,3:16:07 PM,,,,,,,,3:16:52 PM,3:18:02 PM,3:18:19 PM,3:19:10 PM,3:19:10 PM,,,,,,3:19:55 PM,3:20:06 PM,,,,,,,,,,,,,,,,,,,,,3:20:38 PM,3:20:39 PM,3:20:40 PM,3:21:22 PM,3:21:25 PM,,,,,,,,,,,,,,,,,,,,,,,,,,,,,,,,,,,,,,,,,,,,,,,,,,,,,,,,,,,,,,,,,,,,,,,,,,,,,,,,,,,,,,,,,,,,,,,,,,,,,,,,,,,,,,,,,,,,,,,,,,,,,,,,,,,,,,,,,,,,,,,,,,,,,,,,,,,,,,,,,,,,,,,,,
Refuge Island Start Time,,,,,,,,,,,,,,,,,,,,,,,,,,,,,,,,,,,,,,,,,,,,,,,,,,,,,,,,,,,,,,,,,,,,,,,,,,,,,,,,,,,,,,,,,,,,,,,,,,,,,,,,,,,,,,,,,,,,,,,,,,,,,,,,,,,,,,,,,,,,,,,,,,,,,,,,,,,,,,,,,,,,,,,,,,,,,,,,,,,,,,,,,,,,,,,,,,,,,,,,,,,,,,,,,,,,,,,,,,,,,,,,,,,,,,,,,,,,,,,,,,,,,,,,,,,,,,,,,,,,,,,,,,,,,,,,,,,,,
Refuge Island End Time,,,,,,,,,,,,,,,,,,,,,,,,,,,,,,,,,,,,,,,,,,,,,,,,,,,,,,,,,,,,,,,,,,,,,,,,,,,,,,,,,,,,,,,,,,,,,,,,,,,,,,,,,,,,,,,,,,,,,,,,,,,,,,,,,,,,,,,,,,,,,,,,,,,,,,,,,,,,,,,,,,,,,,,,,,,,,,,,,,,,,,,,,,,,,,,,,,,,,,,,,,,,,,,,,,,,,,,,,,,,,,,,,,,,,,,,,,,,,,,,,,,,,,,,,,,,,,,,,,,,,,,,,,,,,,,,,,,,,
Did User Finish Crossing During Pedestrian Phase,N/A,N/A,N/A,N/A,N/A,N/A,N/A,N/A,N/A,N/A,N/A,N/A,N/A,N/A,N/A,N/A,N/A,N/A,N/A,N/A,N/A,N/A,N/A,N/A,N/A,N/A,N/A,N/A,N/A,N/A,N/A,N/A,N/A,N/A,N/A,N/A,N/A,N/A,N/A,N/A,N/A,N/A,N/A,N/A,N/A,N/A,N/A,N/A,N/A,N/A,N/A,N/A,N/A,N/A,N/A,N/A,N/A,N/A,N/A,N/A,N/A,N/A,N/A,N/A,N/A,N/A,N/A,N/A,N/A,N/A,N/A,N/A,N/A,N/A,N/A,N/A,N/A,N/A,N/A,N/A,N/A,N/A,N/A,N/A,N/A,N/A,N/A,N/A,N/A,N/A,N/A,N/A,N/A,N/A,N/A,N/A,N/A,N/A,N/A,N/A,N/A,N/A,N/A,N/A,N/A,N/A,N/A,N/A,N/A,N/A,N/A,N/A,N/A,N/A,N/A,N/A,N/A,N/A,N/A,N/A,N/A,N/A,N/A,N/A,N/A,N/A,N/A,N/A,N/A,N/A,N/A,N/A,N/A,N/A,N/A,N/A,N/A,N/A,N/A,N/A,N/A,N/A,N/A,N/A,N/A,N/A,N/A,N/A,N/A,N/A,N/A,N/A,N/A,N/A,N/A,N/A,N/A,N/A,N/A,N/A,N/A,N/A,N/A,N/A,N/A,N/A,N/A,N/A,N/A,N/A,N/A,N/A,N/A,N/A,N/A,N/A,N/A,N/A,N/A,N/A,N/A,N/A,N/A,N/A,N/A,N/A,N/A,N/A,N/A,N/A,N/A,N/A,N/A,N/A,N/A,N/A,N/A,N/A,N/A,N/A,N/A,N/A,N/A,N/A,N/A,N/A,N/A,N/A,N/A,N/A,N/A,N/A,N/A,N/A,N/A,N/A,N/A,N/A,N/A,N/A,N/A,N/A,N/A,N/A,N/A,N/A,N/A,N/A,N/A,N/A,N/A,N/A,N/A,N/A,N/A,N/A,N/A,N/A,N/A,N/A,N/A,N/A,N/A,N/A,N/A,N/A,N/A,N/A,N/A,N/A,N/A,N/A,N/A,N/A,N/A,N/A,N/A,N/A,,,,,,,,,,,,,,,,,,,
Crossing End Time,3:00:05 PM,3:00:23 PM,3:01:22 PM,3:01:42 PM,3:02:01 PM,3:02:33 PM,3:02:48 PM,3:03:56 PM,3:04:04 PM,3:04:17 PM,,,,3:05:21 PM,3:05:28 PM,3:05:38 PM,3:05:54 PM,3:07:07 PM,3:08:11 PM,3:08:24 PM,3:08:24 PM,3:08:28 PM,,,,,,,,3:09:19 PM,3:09:19 PM,,,,3:08:56 PM,3:09:29 PM,3:09:32 PM,3:09:32 PM,3:09:38 PM,3:09:38 PM,3:11:18 PM,3:11:14 PM,3:11:35 PM,3:11:58 PM,3:12:04 PM,,,,,,,3:15:22 PM,3:13:38 PM,3:14:45 PM,3:14:45 PM,3:14:57 PM,3:15:28 PM,3:15:45 PM,3:15:43 PM,3:15:43 PM,3:15:43 PM,3:15:52 PM,3:15:52 PM,3:16:12 PM,,,,,,,,3:16:59 PM,3:18:09 PM,3:18:25 PM,3:19:16 PM,3:19:16 PM,,,,,,3:20:01 PM,3:20:13 PM,,,,,,,,,,,,,,,,,,,,,3:20:45 PM,3:20:51 PM,3:20:52 PM,3:21:29 PM,3:21:31 PM,,,,,,,,,,,,,,,,,,,,,,,,,,,,,,,,,,,,,,,,,,,,,,,,,,,,,,,,,,,,,,,,,,,,,,,,,,,,,,,,,,,,,,,,,,,,,,,,,,,,,,,,,,,,,,,,,,,,,,,,,,,,,,,,,,,,,,,,,,,,,,,,,,,,,,,,,,,,,,,,,,,,,,,,,
Crossing Interaction Notes,Walk,Walk,Walk,Walk,Walk,Walk,Walk,Walk,Walk,Walk,,,,Walk,Walk,Walk,Walk,Walk,Walk,Walk,Walk,Walk,,,,,,,,Walk,Walk,,,,Walk,Walk,Walk,Walk,Walk,Walk,Walk,Walk,Walk,Walk,Walk,,,,,,,Walk,Walk,Walk,Walk,Walk,Walk,Walk,Walk,Walk,Walk,Walk,Walk,Walk,,,,,,,,Walk,Walk,Walk,Walk,Walk,,,,,,Walk,Walk,,,,,,,,,,,,,,,,,,,,,Walk,Walk,Walk,Walk,Walk,,,,,,,,,,,,,,,,,,,,,,,,,,,,,,,,,,,,,,,,,,,,,,,,,,,,,,,,,,,,,,,,,,,,,,,,,,,,,,,,,,,,,,,,,,,,,,,,,,,,,,,,,,,,,,,,,,,,,,,,,,,,,,,,,,,,,,,,,,,,,,,,,,,,,,,,,,,,,,,,,,,,,,,,,
Bus Presence,No,No,No,No,No,No,No,No,No,No,,,,No,No,No,No,No,No,No,No,No,,,,,,,,No,No,,,,No,No,No,No,No,No,No,No,No,No,No,,,,,,,No,No,No,No,No,No,No,No,No,No,No,No,No,,,,,,,,No,No,No,No,No,,,,,,No,No,,,,,,,,,,,,,,,,,,,,,No,No,No,No,No,,,,,,,,,,,,,,,,,,,,,,,,,,,,,,,,,,,,,,,,,,,,,,,,,,,,,,,,,,,,,,,,,,,,,,,,,,,,,,,,,,,,,,,,,,,,,,,,,,,,,,,,,,,,,,,,,,,,,,,,,,,,,,,,,,,,,,,,,,,,,,,,,,,,,,,,,,,,,,,,,,,,,,,,,
Crossing Location Relative to Bus,N/A,N/A,N/A,N/A,N/A,N/A,N/A,N/A,N/A,N/A,,,,N/A,N/A,N/A,N/A,N/A,N/A,N/A,N/A,N/A,,,,,,,,N/A,N/A,,,,N/A,N/A,N/A,N/A,N/A,N/A,N/A,N/A,N/A,N/A,N/A,,,,,,,N/A,N/A,N/A,N/A,N/A,N/A,N/A,N/A,N/A,N/A,N/A,N/A,N/A,,,,,,,,N/A,N/A,N/A,N/A,N/A,,,,,,N/A,N/A,,,,,,,,,,,,,,,,,,,,,N/A,N/A,N/A,N/A,N/A,,,,,,,,,,,,,,,,,,,,,,,,,,,,,,,,,,,,,,,,,,,,,,,,,,,,,,,,,,,,,,,,,,,,,,,,,,,,,,,,,,,,,,,,,,,,,,,,,,,,,,,,,,,,,,,,,,,,,,,,,,,,,,,,,,,,,,,,,,,,,,,,,,,,,,,,,,,,,,,,,,,,,,,,,
Crossing Location Relative to Bus Stop,Downstream,Downstream,Downstream,Downstream,Downstream,Downstream,Downstream,Downstream,Downstream,Downstream,,,,Downstream,Downstream,Downstream,Downstream,Downstream,Downstream,Downstream,Downstream,Downstream,,,,,,,,Downstream,Downstream,,,,Downstream,Downstream,Downstream,Downstream,Downstream,Downstream,Downstream,Downstream,Downstream,At,Downstream,,,,,,,Downstream,Downstream,Downstream,Downstream,Downstream,Downstream,Downstream,Downstream,Downstream,Downstream,Downstream,Downstream,Downstream,,,,,,,,Downstream,Downstream,Downstream,Downstream,Downstream,,,,,,Downstream,Downstream,,,,,,,,,,,,,,,,,,,,,Downstream,Downstream,Downstream,Downstream,Downstream,,,,,,,,,,,,,,,,,,,,,,,,,,,,,,,,,,,,,,,,,,,,,,,,,,,,,,,,,,,,,,,,,,,,,,,,,,,,,,,,,,,,,,,,,,,,,,,,,,,,,,,,,,,,,,,,,,,,,,,,,,,,,,,,,,,,,,,,,,,,,,,,,,,,,,,,,,,,,,,,,,,,,,,,,
Noteworthy Events,,video froze for a second,,,,,,,,,,,,,,,,,,,,,,,,,,,,,,,,,,,,,,,,,,,,,,,,,,,,,,,,,,,,,,,,,,,,,,,,,,,,,,,,,,,,,,,,,,,,,,,,,,,,,,,,,,,,,,,,,,,,,,,,,,,,,,,,,,,,,,,,,,,,,,,,,,,,,,,,,,,,,,,,,,,,,,,,,,,,,,,,,,,,,,,,,,,,,,,,,,,,,,,,,,,,,,,,,,,,,,,,,,,,,,,,,,,,,,,,,,,,,,,,,,,,,,,,,,,,,,,,,,,,,,,,,,,,,,,,,,,
Driver Behavior,light,light,light,light,light,light,light,light,light,light,,,,light,light,light,light,light,light,light,light,light,,,,,,,,light,light,,,,light,light,light,light,light,light,light,light,light,light,light,,,,,,,light,light,light,light,light,light,light,light,light,light,light,light,light,,,,,,,,light,light,light,light,light,,,,,,light,light,,,,,,,,,,,,,,,,,,,,,light,light,light,light,light,,,,,,,,,,,,,,,,,,,,,,,,,,,,,,,,,,,,,,,,,,,,,,,,,,,,,,,,,,,,,,,,,,,,,,,,,,,,,,,,,,,,,,,,,,,,,,,,,,,,,,,,,,,,,,,,,,,,,,,,,,,,,,,,,,,,,,,,,,,,,,,,,,,,,,,,,,,,,,,,,,,,,,,,,
General Reviewer Notes,Pedestrians in the second farthest crosswalk not considered,,,,,,,,,,,,,,,,,,,,,,,,,,,,,,,,,,,,,,,,,,,,,,,,,,,,,,,,,,,,,,,,,,,,,,,,,,,,,,,,,,,,,,,,,,,,,,,,,,,,,,,,,,,,,,,,,,,,,,,,,,,,,,,,,,,,,,,,,,,,,,,,Paratransit van,,,,,,,,,,,,,,,,,,,,,,,,,,,,,,,,,,,,,,,,,,,,,,,,,,,,,,,,,,,,,,,,,,,,,,the far bus stop is so hard to tell,,,,,,,,,,,,,,,,,,,,,,,,,,,,,,,,,,,,,,,,,,,,,,,,,,,,,,,,,,,,,,
